Designator,Mid X,Mid Y,Rotation,Layer
BT1,0.0,36.0,180.0,top
C1,-1.46,16.77,135.0,bottom
C10,4.849411,13.190589,225.0,bottom
C15,-6.7,17.03,0.0,bottom
C16,-6.68,19.05,0.0,bottom
C17,-6.66,21.06,0.0,bottom
C19,15.4675,22.94,270.0,bottom
C2,-2.16,17.5,135.0,bottom
C20,9.0175,22.92,270.0,bottom
C3,6.15,11.88,225.0,bottom
C4,4.19,4.11,315.0,bottom
C5,3.46,4.83,315.0,bottom
C6,-6.760589,7.280589,45.0,bottom
C7,-6.06,8.0,45.0,bottom
C8,4.95,5.47,225.0,bottom
C9,6.39,8.37,315.0,bottom
D1,25.3425,23.06,180.0,bottom
D10,-2.5301,-39.4394,0.0,bottom
D11,-2.5301,-58.4894,0.0,bottom
D12,18.95,-5.74,0.0,bottom
D13,16.5199,-20.3894,0.0,bottom
D14,28.54,-49.37,90.0,bottom
D15,16.5199,-58.4894,0.0,bottom
D16,16.5199,-77.5394,0.0,bottom
D17,26.8025,-3.1,180.0,bottom
D18,27.3843,-28.8726,0.0,bottom
D19,28.2773,-67.2703,0.0,bottom
D2,17.74,23.03,90.0,bottom
D3,-19.1025,-5.71,0.0,bottom
D4,-21.5801,-20.3894,0.0,bottom
D5,-21.5801,-39.4394,0.0,bottom
D6,-21.5801,-58.4894,0.0,bottom
D7,-6.9949,-84.9808,0.0,bottom
D8,-0.0725,-5.6,0.0,bottom
D9,-2.5425,-20.32,0.0,bottom
IC1,-15.34,26.37,180.0,bottom
J2,34.99,25.965,0.0,top
J3,0.0,34.0,180.0,bottom
J4,9.015,31.915,270.0,bottom
Q1,20.9775,23.03,180.0,bottom
R1,24.42,8.96,0.0,bottom
R10,1.39,28.02,270.0,bottom
R11,-5.36,6.65,135.0,bottom
R12,-4.67,5.95,315.0,bottom
R13,-1.25,28.02,270.0,bottom
R2,11.15,8.39,0.0,bottom
R5,-7.53,15.02,270.0,bottom
R6,-6.2,15.01,270.0,bottom
R7,-4.71,14.97,270.0,bottom
R8,2.82,28.06,180.0,bottom
SW1,33.24,13.32,90.0,top
SW2,28.2,9.73,270.0,bottom
SW3,16.42,10.33,0.0,bottom
SW_clear1,-38.1,0.0,0.0,top
SW_divide1,-6.985,-4.445,0.0,top
SW_eight1,-6.985,-23.495,0.0,top
SW_equals1,26.035,-81.28,180.0,top
SW_five1,-6.985,-42.545,0.0,top
SW_four1,-26.035,-42.545,0.0,top
SW_minus1,31.115,-4.445,0.0,top
SW_mutiplicate1,12.065,-4.445,0.0,top
SW_nine1,12.065,-23.495,0.0,top
SW_one1,-26.035,-61.595,0.0,top
SW_plus1,26.035,-43.18,180.0,top
SW_point1,12.065,-80.645,0.0,top
SW_seven1,-26.035,-23.495,0.0,top
SW_six1,12.065,-42.545,0.0,top
SW_three1,12.065,-61.595,0.0,top
SW_two1,-6.985,-61.595,0.0,top
SW_zero1,-21.59,-90.805,180.0,top
U1,0.0,10.0,45.0,bottom
U2,0.02,24.22,90.0,bottom
U3,-30.525,3.1,0.0,top
U4,0.475,3.1,0.0,top
U5,12.2175,22.88,180.0,bottom
